[
    {
      "id": 1001,
      "image": "/images/kouki0.jpg",
      "rank": 1,
      "name": "우치야마 코우키",
      "aniimage": [
        "/images/kouki1.png",
        "/images/kouki2.png",
        "/images/kouki3.jpg",
        "/images/kouki4.png"
      ]
    },
    {
      "id": 1002,
      "image": "/images/sayumi0.jpg",
      "rank": 2,
      "name": "스즈시로 사유미",
      "aniimage": [
        "/images/sayumi1.jpg",
        "/images/sayumi2.png",
        "/images/sayumi3.jpg",
        "/images/sayumi4.jpg"
      ]
    },
    {
      "id": 1003,
      "image": "/images/taka.jpg",
      "rank": 3,
      "name": "타카하시 리에",
      "aniimage": [
        "/images/taka1.jpg",
        "/images/taka2.jpg",
        "/images/taka3.jpg",
        "/images/taka4.jpg",
        "/images/taka5.jpg"
      ]
    },
    {
      "id": 1004,
      "image": "/images/kenjiro0.jpg",
      "rank": 4,
      "name": "츠다 켄지로",
      "aniimage": [
        "/images/kenjiro1.png",
        "/images/kenjiro3.jpg",
        "/images/kenjiro4.jpg",
        "/images/kenjiro5.png",
        "/images/kenjiro6.jpg"
      ]
    },
    {
      "id": 1005,
      "image": "/images/junya0.jpg",
      "rank": 5,
      "name": "에노키 쥰야",
      "aniimage": [
        "/images/junya1.jpg",
        "/images/junya2.jpg",
        "/images/junya3.png"
      ]
    }
  ]