{
    "userAsk": [
        {
            "id" : 1,
            "askDate" : "2025-09-03",
            "isDone" : false,
            "title" : "ㅇㅇ",
            "content" : "ㅁㄴㅇㄹ",
            "userId" : "jack",
            "answerTitle" : "",
            "answer" : ""
        },
        {
            "id" : 2,
            "askDate" : "2025-09-01",
            "isDone" : false,
            "title" : "저 왜 이용제재 당했나요?",
            "content" : "ㅁㅁㅁㅁㅁㅁㅁ",
            "userId" : "rem",
            "answerTitle" : "",
            "answer" : ""
        },
        {
            "id" : 3,
            "askDate" : "2025-08-20",
            "isDone" : true,
            "title" : "ㅁㅂㅈㄷㄱ",
            "content" : "ㅂㅈㄷㄱ교",
            "userId" : "jack",
            "answerTitle" : "답변입니다.",
            "answer" : "asdffgfgn"
        }
    ]
}